id,car
1,Chevrolet
2,Toyota
3,Volvo
4,Chevrolet
5,Toyota
6,Cadillac
7,Pontiac
8,Oldsmobile
9,Mercury
10,Mitsubishi
11,Honda
12,Hyundai
13,Oldsmobile
14,GMC
15,Mercedes-Benz
16,Suzuki
17,Chevrolet
18,Pontiac
19,GMC
20,Chevrolet
21,Chevrolet
22,Pontiac
23,Dodge
24,Volkswagen
25,Mazda
26,Chevrolet
27,Acura
28,Infiniti
29,Lexus
30,Ford
31,Hyundai
32,Lexus
33,Mitsubishi
34,GMC
35,Mitsubishi
36,Dodge
37,Isuzu
38,Nissan
39,Nissan
40,Nissan
41,Ford
42,Mitsubishi
43,Dodge
44,Mitsubishi
45,Hyundai
46,Eagle
47,Kia
48,Lexus
49,Ford
50,Ford
51,Hyundai
52,Buick
53,Honda
54,Volkswagen
55,GMC
56,Ferrari
57,Ford
58,Subaru
59,Mazda
60,Mercury
61,Cadillac
62,Mercedes-Benz
63,Aston Martin
64,Saab
65,Cadillac
66,Jaguar
67,BMW
68,Ford
69,Mercedes-Benz
70,Volkswagen
71,Volkswagen
72,Buick
73,Chevrolet
74,Saab
75,Toyota
76,Toyota
77,Jaguar
78,Hummer
79,Ford
80,BMW
81,Acura
82,Volvo
83,GMC
84,Dodge
85,Toyota
86,GMC
87,Ford
88,Ford
89,Nissan
90,Chevrolet
91,GMC
92,Ford
93,Dodge
94,Volvo
95,Pontiac
96,Honda
97,Ford
98,Dodge
99,Saab
100,Maserati
101,Honda
102,Honda
103,Spyker
104,Chevrolet
105,Porsche
106,Bentley
107,GMC
108,Volkswagen
109,Corbin
110,Lamborghini
111,Lotus
112,Chevrolet
113,Volkswagen
114,Pontiac
115,Toyota
116,Volkswagen
117,Dodge
118,Dodge
119,Lexus
120,Ford
121,Aston Martin
122,Aston Martin
123,Honda
124,Volkswagen
125,Mitsubishi
126,BMW
127,Toyota
128,Chevrolet
129,Mitsubishi
130,Ford
131,Infiniti
132,Mitsubishi
133,GMC
134,Mitsubishi
135,BMW
136,Dodge
137,Toyota
138,Chevrolet
139,Mazda
140,Pontiac
141,Dodge
142,Ford
143,Pontiac
144,Porsche
145,Ford
146,Lexus
147,Mercedes-Benz
148,Volvo
149,GMC
150,Ford
151,Mitsubishi
152,Mazda
153,Buick
154,Chrysler
155,Tesla
156,Dodge
157,GMC
158,Honda
159,Cadillac
160,Audi
161,BMW
162,Lotus
163,Ford
164,Ford
165,Ford
166,Subaru
167,Chrysler
168,Chrysler
169,Lexus
170,GMC
171,Nissan
172,Kia
173,Chevrolet
174,Ford
175,Dodge
176,Volkswagen
177,Chevrolet
178,Mazda
179,Toyota
180,Nissan
181,Kia
182,Volkswagen
183,Nissan
184,Mitsubishi
185,GMC
186,Lincoln
187,Mitsubishi
188,Cadillac
189,Saab
190,Nissan
191,Nissan
192,Mercury
193,Lexus
194,Toyota
195,GMC
196,Mercedes-Benz
197,Mercedes-Benz
198,Honda
199,Saturn
200,Mitsubishi
201,Oldsmobile
202,Chrysler
203,Isuzu
204,Pontiac
205,Ford
206,Audi
207,Suzuki
208,Land Rover
209,Pontiac
210,Chrysler
211,Chevrolet
212,Cadillac
213,Cadillac
214,Buick
215,Lexus
216,Pontiac
217,Ford
218,Oldsmobile
219,Mercedes-Benz
220,Mercedes-Benz
221,Kia
222,Chevrolet
223,Cadillac
224,Volvo
225,Honda
226,Mercedes-Benz
227,Plymouth
228,Chevrolet
229,Honda
230,Dodge
231,Mazda
232,Mercury
233,Dodge
234,Dodge
235,Toyota
236,Mitsubishi
237,Chevrolet
238,Mercury
239,Lexus
240,Volkswagen
241,Kia
242,Ford
243,Cadillac
244,Dodge
245,Mitsubishi
246,Hyundai
247,GMC
248,Ford
249,Nissan
250,Ford
251,Pontiac
252,Lincoln
253,Lexus
254,Hyundai
255,Chrysler
256,BMW
257,Volvo
258,Nissan
259,Chrysler
260,Plymouth
261,Porsche
262,Dodge
263,Toyota
264,BMW
265,Lexus
266,GMC
267,Nissan
268,Mazda
269,Ford
270,Buick
271,Mercedes-Benz
272,GMC
273,Acura
274,Dodge
275,Hyundai
276,Cadillac
277,Mercedes-Benz
278,Dodge
279,Dodge
280,Mercedes-Benz
281,Hyundai
282,Dodge
283,Toyota
284,Buick
285,Dodge
286,GMC
287,Honda
288,GMC
289,Hummer
290,Ford
291,Scion
292,MINI
293,Mitsubishi
294,Ford
295,Dodge
296,Toyota
297,Mazda
298,Volkswagen
299,Infiniti
300,Toyota
301,Chevrolet
302,Subaru
303,Bentley
304,Saab
305,Hyundai
306,Ford
307,Ford
308,Ford
309,Mitsubishi
310,Chevrolet
311,Ford
312,Lincoln
313,Isuzu
314,Ford
315,Lexus
316,Volvo
317,Mazda
318,Mazda
319,Mercury
320,Saab
321,Rolls-Royce
322,Infiniti
323,Toyota
324,Lexus
325,Lexus
326,Geo
327,Scion
328,Ford
329,Subaru
330,Ford
331,Pontiac
332,Suzuki
333,Honda
334,Chevrolet
335,Dodge
336,Ford
337,Toyota
338,BMW
339,Volvo
340,Pontiac
341,Nissan
342,Land Rover
343,Chevrolet
344,Chevrolet
345,Ford
346,Ferrari
347,Honda
348,Ford
349,Subaru
350,Land Rover
351,Cadillac
352,Kia
353,Buick
354,Ford
355,Maybach
356,Chrysler
357,Austin
358,Chrysler
359,Chevrolet
360,Saab
361,Lamborghini
362,Mercury
363,GMC
364,Honda
365,Mercury
366,Ford
367,Volkswagen
368,Infiniti
369,Maserati
370,Mercedes-Benz
371,Lexus
372,Dodge
373,Mazda
374,Chevrolet
375,Chrysler
376,Mazda
377,Chevrolet
378,Audi
379,Pontiac
380,Aston Martin
381,Suzuki
382,Mitsubishi
383,Ford
384,Ford
385,Dodge
386,Mercedes-Benz
387,Audi
388,Panoz
389,Maserati
390,Saab
391,Toyota
392,Buick
393,Dodge
394,Honda
395,Suzuki
396,BMW
397,Chrysler
398,Chevrolet
399,Mercury
400,Dodge
401,Chevrolet
402,Chevrolet
403,Chrysler
404,Chevrolet
405,Audi
406,Acura
407,Nissan
408,Ford
409,Volkswagen
410,Volkswagen
411,Volvo
412,Chevrolet
413,Volkswagen
414,GMC
415,Infiniti
416,Dodge
417,Maybach
418,Ford
419,Isuzu
420,Jaguar
421,Mercedes-Benz
422,Mazda
423,Mercury
424,Toyota
425,Saab
426,Mazda
427,Chevrolet
428,Dodge
429,Chevrolet
430,Pontiac
431,Mazda
432,Ford
433,GMC
434,Honda
435,Hummer
436,Chrysler
437,Scion
438,Bentley
439,Suzuki
440,GMC
441,Porsche
442,Pontiac
443,Ford
444,Ford
445,Mercury
446,GMC
447,Chevrolet
448,Lincoln
449,Saturn
450,Volvo
451,Lincoln
452,Audi
453,Chevrolet
454,Aston Martin
455,Volvo
456,Volvo
457,Mitsubishi
458,Morgan
459,Ford
460,Nissan
461,BMW
462,Volkswagen
463,Honda
464,Chevrolet
465,Mercedes-Benz
466,Dodge
467,Lexus
468,Hummer
469,MINI
470,Infiniti
471,Acura
472,Audi
473,Dodge
474,GMC
475,Hummer
476,Subaru
477,Chevrolet
478,Nissan
479,Infiniti
480,Dodge
481,Lotus
482,Mitsubishi
483,Buick
484,Dodge
485,Mercedes-Benz
486,Pontiac
487,Buick
488,Ford
489,Chevrolet
490,Honda
491,Kia
492,Saab
493,Mitsubishi
494,Hyundai
495,Mercedes-Benz
496,Ford
497,Dodge
498,Mercury
499,Ford
500,Lotus
501,Infiniti
502,Mercedes-Benz
503,Acura
504,BMW
505,Chevrolet
506,Toyota
507,Volkswagen
508,Chevrolet
509,Pontiac
510,Ford
511,Volkswagen
512,Ford
513,Mitsubishi
514,Chevrolet
515,Mercedes-Benz
516,Nissan
517,Buick
518,Chevrolet
519,Volvo
520,Chevrolet
521,Dodge
522,Buick
523,Honda
524,Infiniti
525,Dodge
526,Toyota
527,Mitsubishi
528,Kia
529,Ford
530,Mercedes-Benz
531,Mercury
532,Chevrolet
533,Mercedes-Benz
534,Bentley
535,Toyota
536,Audi
537,Audi
538,Volvo
539,Chevrolet
540,Chrysler
541,Mercedes-Benz
542,Nissan
543,BMW
544,Mercury
545,Saab
546,Lincoln
547,Mazda
548,Volkswagen
549,Pontiac
550,Ford
551,Volvo
552,Subaru
553,Ford
554,Buick
555,Buick
556,Ferrari
557,Ford
558,Suzuki
559,Audi
560,Kia
561,Pontiac
562,Aston Martin
563,Honda
564,Cadillac
565,Dodge
566,Dodge
567,Honda
568,Chevrolet
569,Mitsubishi
570,Ford
571,Lamborghini
572,Lamborghini
573,Ford
574,Audi
575,Mitsubishi
576,Kia
577,Ford
578,Saab
579,Bentley
580,Toyota
581,Mitsubishi
582,Lincoln
583,Dodge
584,Infiniti
585,Volvo
586,Lexus
587,Nissan
588,Land Rover
589,Volvo
590,Chevrolet
591,Volkswagen
592,Aston Martin
593,BMW
594,Chrysler
595,BMW
596,Oldsmobile
597,Ford
598,Toyota
599,Toyota
600,Plymouth
601,Suzuki
602,Subaru
603,Volkswagen
604,Pontiac
605,Pontiac
606,Cadillac
607,Subaru
608,Dodge
609,Acura
610,Mazda
611,GMC
612,Mitsubishi
613,Nissan
614,Ford
615,BMW
616,Eagle
617,Suzuki
618,Honda
619,BMW
620,Mazda
621,Volkswagen
622,Chevrolet
623,Toyota
624,Lexus
625,Chevrolet
626,Mazda
627,Chevrolet
628,Saturn
629,Audi
630,Mercedes-Benz
631,Oldsmobile
632,Ford
633,Chevrolet
634,Toyota
635,Mercedes-Benz
636,Toyota
637,Cadillac
638,Mitsubishi
639,Suzuki
640,Mazda
641,Chevrolet
642,Kia
643,Nissan
644,Buick
645,Chevrolet
646,Hummer
647,Aston Martin
648,Volkswagen
649,Pontiac
650,Mercedes-Benz
651,Pontiac
652,BMW
653,Ford
654,Dodge
655,Subaru
656,Chevrolet
657,Dodge
658,Hummer
659,Suzuki
660,Toyota
661,Mitsubishi
662,Jeep
663,Toyota
664,Lincoln
665,Toyota
666,Toyota
667,Honda
668,Mazda
669,Dodge
670,Chrysler
671,Chevrolet
672,Scion
673,Toyota
674,Pontiac
675,Isuzu
676,Chrysler
677,GMC
678,BMW
679,Nissan
680,Mercury
681,Mazda
682,Subaru
683,Chevrolet
684,Ford
685,Oldsmobile
686,Buick
687,Mitsubishi
688,Lincoln
689,Buick
690,Volvo
691,Isuzu
692,Dodge
693,Ford
694,Mitsubishi
695,Jaguar
696,Chevrolet
697,Infiniti
698,Ford
699,Pontiac
700,Chevrolet
701,Pontiac
702,Ford
703,Dodge
704,Kia
705,Toyota
706,Toyota
707,Suzuki
708,Ford
709,Mazda
710,Dodge
711,Volkswagen
712,Mitsubishi
713,Dodge
714,Ford
715,Ferrari
716,BMW
717,Mitsubishi
718,Buick
719,Ford
720,Honda
721,Mazda
722,Toyota
723,Infiniti
724,Plymouth
725,Mitsubishi
726,Ford
727,Honda
728,Cadillac
729,Mercedes-Benz
730,Toyota
731,Chevrolet
732,Mazda
733,Honda
734,Suzuki
735,Mercedes-Benz
736,Dodge
737,GMC
738,Toyota
739,Aptera
740,Chevrolet
741,Chevrolet
742,Mercury
743,Volvo
744,Buick
745,Mercedes-Benz
746,Ford
747,Kia
748,Mercury
749,Ford
750,Maserati
751,Mercedes-Benz
752,Audi
753,Mitsubishi
754,Acura
755,Land Rover
756,Mercedes-Benz
757,Suzuki
758,Hummer
759,Toyota
760,Audi
761,Chevrolet
762,Ford
763,Smart
764,Mercedes-Benz
765,Ford
766,Mitsubishi
767,Mitsubishi
768,Nissan
769,Volvo
770,Ford
771,Volkswagen
772,Ford
773,Dodge
774,Mitsubishi
775,Mitsubishi
776,Acura
777,Hummer
778,Chevrolet
779,Jensen
780,Mitsubishi
781,Pontiac
782,Daewoo
783,Mercedes-Benz
784,Infiniti
785,Ford
786,Infiniti
787,Ferrari
788,Nissan
789,GMC
790,Audi
791,Nissan
792,Ford
793,Dodge
794,Ford
795,Infiniti
796,Audi
797,Mazda
798,Dodge
799,Ford
800,Mercury
801,Ford
802,Jaguar
803,Kia
804,Volvo
805,Honda
806,Volkswagen
807,Ford
808,Maserati
809,Lexus
810,Ford
811,Chevrolet
812,Oldsmobile
813,Honda
814,Toyota
815,Buick
816,Buick
817,Toyota
818,Chevrolet
819,Chevrolet
820,Mercury
821,Volvo
822,Mitsubishi
823,Mercedes-Benz
824,Pontiac
825,Dodge
826,Ford
827,Ford
828,Ford
829,Chevrolet
830,Lexus
831,Dodge
832,Chevrolet
833,BMW
834,Ford
835,Scion
836,Mitsubishi
837,Chevrolet
838,Porsche
839,Nissan
840,Jaguar
841,BMW
842,Dodge
843,Buick
844,Kia
845,Saab
846,Kia
847,Audi
848,Volvo
849,Pontiac
850,Chrysler
851,Isuzu
852,Volkswagen
853,Mazda
854,Cadillac
855,Chevrolet
856,Saturn
857,GMC
858,Subaru
859,Audi
860,Mercury
861,Ford
862,Dodge
863,Volvo
864,Volvo
865,Ford
866,Dodge
867,Volkswagen
868,Toyota
869,Suzuki
870,Toyota
871,Pontiac
872,Audi
873,Dodge
874,Nissan
875,Chevrolet
876,GMC
877,Oldsmobile
878,Chrysler
879,Chevrolet
880,Jeep
881,Mercury
882,Ford
883,GMC
884,Saab
885,Ford
886,Isuzu
887,Nissan
888,Suzuki
889,Chevrolet
890,Mitsubishi
891,Ford
892,Mercedes-Benz
893,Mercedes-Benz
894,Daewoo
895,Chevrolet
896,Chevrolet
897,Lexus
898,GMC
899,Mazda
900,Buick
901,Chevrolet
902,Bentley
903,Volkswagen
904,Hyundai
905,Saab
906,Kia
907,Spyker
908,Mercedes-Benz
909,Oldsmobile
910,Dodge
911,BMW
912,Ford
913,Daewoo
914,Chevrolet
915,GMC
916,Subaru
917,Buick
918,Mercedes-Benz
919,BMW
920,Toyota
921,Volkswagen
922,Lexus
923,BMW
924,Toyota
925,Ford
926,Dodge
927,Chevrolet
928,Dodge
929,Hyundai
930,Chevrolet
931,Ford
932,GMC
933,Ford
934,Toyota
935,Ford
936,Mazda
937,Jaguar
938,Mazda
939,Dodge
940,Eagle
941,Dodge
942,Chevrolet
943,GMC
944,Audi
945,Chevrolet
946,Lamborghini
947,Toyota
948,Mitsubishi
949,Buick
950,Mercury
951,Chevrolet
952,GMC
953,Mitsubishi
954,Chevrolet
955,Nissan
956,Mazda
957,Buick
958,Mercedes-Benz
959,Infiniti
960,Infiniti
961,Dodge
962,Ford
963,Mitsubishi
964,Ford
965,Kia
966,Volvo
967,Suzuki
968,Jaguar
969,Infiniti
970,Chevrolet
971,Infiniti
972,Chevrolet
973,Mitsubishi
974,Jeep
975,Audi
976,Pontiac
977,Ford
978,Mercedes-Benz
979,Toyota
980,Nissan
981,Volkswagen
982,Volkswagen
983,Volkswagen
984,Chevrolet
985,Chrysler
986,Mitsubishi
987,Buick
988,GMC
989,Hyundai
990,Lexus
991,Pontiac
992,Kia
993,Chevrolet
994,Subaru
995,BMW
996,Chevrolet
997,BMW
998,Buick
999,Mazda
1000,BMW
